model,MAE,MAPE,N
codriver_simple,4.014394760131836,0.35074418783187866,4
