bucket,N,MAE,MAPE
all,4,4.014394760131836,0.35074418783187866
dense(≥500),0,,
sparse(≤50),4,4.014394760131836,0.35074418783187866
