bucket,N,MAE,MAPE
all,4,4.014394760131836,0.35074418783187866
dense(≥2),0,,
sparse(≤1),4,4.014394760131836,0.35074418783187866
